wpid,wpdobstr,wpdob
11181650,1961 (age 61),1961
33737297,"February 8, 1965",1965-02-08
39109337,1956 (age 66),1956
44050579,1968 (age 54),1968
45474171,"August 8, 1955",1955-08-08
48742732,"May 29, 1975",1975-05-29
52692914,"February 25, 1965",1965-02-25
57226857,1986,1986
58765330,1976 (age 46),1976
71101633,1958 (age 64),1958
71436343,1955 (age 67),1955
71437288,1965 (age 57),1965
71571385,1972 (age 50),1972
71726180,"July 27, 1956",1956-07-27
71921815,"October 28, 1979",1979-10-28
72210929,1973 (age 49),1973
